mean_fit_time,std_fit_time,mean_score_time,std_score_time,param_model__C,params,split0_test_f1,split1_test_f1,split2_test_f1,split3_test_f1,split4_test_f1,mean_test_f1,std_test_f1,rank_test_f1,split0_test_roc_auc,split1_test_roc_auc,split2_test_roc_auc,split3_test_roc_auc,split4_test_roc_auc,mean_test_roc_auc,std_test_roc_auc,rank_test_roc_auc,penalty
0.028513574600219728,0.0010286600869595743,0.022552299499511718,0.0006988008353261848,0.001,{'model__C': 0.001},0.0,0.0,0.0,0.0,0.0,0.0,0.0,7,0.5,0.5,0.5,0.5,0.5,0.5,0.0,7,l1
0.03783683776855469,0.0025960866967489147,0.02669363021850586,0.003953145482704694,0.01,{'model__C': 0.01},0.5291666666666667,0.5185185185185185,0.5197505197505198,0.5330578512396694,0.5287846481876333,0.5258556408726015,0.005701222293263931,6,0.8294556735010422,0.7939266152876738,0.823154476273569,0.836360735462815,0.8319044133407205,0.8229603827731641,0.015131102162952227,6,l1
0.051229667663574216,0.005630798034778183,0.023059797286987305,0.0005838531209327388,0.1,{'model__C': 0.1},0.5757009345794393,0.547486033519553,0.5746268656716418,0.6409807355516638,0.5857418111753372,0.584907276099527,0.0307757120557842,5,0.8459841985361833,0.8250973454187065,0.8407130047016627,0.8609475223369363,0.8511038406942932,0.8447691823375564,0.011889294266446493,5,l1
0.13560891151428223,0.045382021708823786,0.025783061981201172,0.002873937280733803,1.0,{'model__C': 1},0.5824175824175825,0.5504587155963303,0.5888888888888889,0.6413793103448275,0.6022727272727273,0.5930834449040713,0.029547101382118388,4,0.8474423602022846,0.8250387765983229,0.8419247733992536,0.8622723894463026,0.8530895002689336,0.8459535599830195,0.012434642337237073,4,l1
0.5460839748382569,0.07241037340203918,0.024476242065429688,0.0009944221251379523,10.0,{'model__C': 10},0.5886654478976234,0.5537340619307832,0.5899814471243042,0.6459412780656304,0.6015037593984962,0.5959651988833675,0.029667641365256684,3,0.8483431082674939,0.8252043849869937,0.8414117913172733,0.8633952951060702,0.8532553089095857,0.8463219777174833,0.012757091126010069,3,l1
0.7107195854187012,0.04944633667226848,0.023092985153198242,0.0005545621274976912,100.0,{'model__C': 100},0.5938069216757741,0.5553539019963702,0.5888888888888889,0.6447140381282496,0.6041275797373359,0.5973782660853237,0.028764908318397155,1,0.848742991937699,0.8250912865752187,0.8409795938151325,0.8636538057615563,0.8532350883436525,0.8463405532866517,0.012909889686693172,2,l1
0.6449992179870605,0.060091583711452554,0.022905254364013673,0.0007239080447478162,1000.0,{'model__C': 1000},0.5938069216757741,0.5553539019963702,0.5888888888888889,0.6447140381282496,0.6041275797373359,0.5973782660853237,0.028764908318397155,1,0.8487227957927392,0.8250751296592508,0.8409715153571486,0.8636941980514761,0.8532391324568392,0.846340554263491,0.01292640143961289,1,l1
0.028944778442382812,0.001618185986420053,0.022237634658813475,0.0006130391902109207,0.001,{'model__C': 0.001},0.33505154639175255,0.42206235011990406,0.38213399503722084,0.3929471032745592,0.3604060913705584,0.37852021723879903,0.029444044109735733,7,0.8268705669461812,0.8104288853343674,0.8277874719273586,0.8447098217892169,0.8345108442895101,0.8288615180573269,0.011206810684326399,7,l2
0.030332469940185548,0.0008508780455776145,0.023103094100952147,0.002332866280527044,0.01,{'model__C': 0.01},0.558766859344894,0.5412667946257198,0.5686653771760155,0.5951035781544256,0.5754527162977867,0.5678510651197684,0.01783476326572563,6,0.8420701856429647,0.8220739825182168,0.838220800413617,0.857623236876545,0.8475207564109305,0.8415017923724548,0.01170176632710863,6,l2
0.03235540390014648,0.0007580019894261661,0.021516799926757812,0.0005106997422645347,0.1,{'model__C': 0.1},0.5793357933579336,0.5504587155963303,0.5836431226765799,0.6376306620209059,0.5950095969289827,0.5892155781161466,0.028313769803340907,5,0.846569886740019,0.8244490491654953,0.8414764189811448,0.8616341912655712,0.8513788403909849,0.8451016773086429,0.012284591814081185,5,l2
0.034752178192138675,0.0023278160103685375,0.022357082366943358,0.0012970839201374973,1.0,{'model__C': 1},0.5834862385321101,0.5484460694698354,0.5888888888888889,0.6424870466321243,0.596958174904943,0.5920532836855804,0.03017488754434973,4,0.8474504386602686,0.8250912865752186,0.8418399495904222,0.8623410563391659,0.8529034710623481,0.8459252404454846,0.012419695477994463,4,l2
0.04283185005187988,0.0021448141015757236,0.02376422882080078,0.0015760406691262283,10.0,{'model__C': 10},0.5886654478976234,0.5494505494505495,0.5888888888888889,0.6459412780656304,0.6015037593984962,0.5948899847402377,0.03094988483078219,3,0.8483148336645502,0.8252770911088492,0.8416016350798958,0.8633306674421986,0.8534736910216643,0.8463995836634316,0.01272440786626124,1,l2
0.04558930397033691,0.004888458556013642,0.022386598587036132,0.0006269063986717326,100.0,{'model__C': 100},0.5938069216757741,0.5553539019963702,0.5888888888888889,0.6447140381282496,0.6041275797373359,0.5973782660853237,0.028764908318397155,1,0.8487995411435865,0.8250832081172346,0.8409553584411809,0.8636538057615564,0.8532472206832123,0.8463478268293543,0.012917988773182686,2,l2
0.04582633972167969,0.00252842194557546,0.024657058715820312,0.0011834440762517084,1000.0,{'model__C': 1000},0.5938069216757741,0.5553539019963702,0.5878003696857671,0.6447140381282496,0.6041275797373359,0.5971605622446994,0.028832375386967857,2,0.8488197372885463,0.8250953258042106,0.840801867739486,0.8637386295703876,0.8532189118909059,0.8463348944587071,0.012947492398437973,3,l2
