mean_fit_time,std_fit_time,mean_score_time,std_score_time,param_model__metric,param_model__n_neighbors,params,split0_test_f1,split1_test_f1,split2_test_f1,split3_test_f1,split4_test_f1,mean_test_f1,std_test_f1,rank_test_f1,split0_test_roc_auc,split1_test_roc_auc,split2_test_roc_auc,split3_test_roc_auc,split4_test_roc_auc,mean_test_roc_auc,std_test_roc_auc,rank_test_roc_auc
0.026320981979370116,0.0005143933616402845,0.18794627189636232,0.0024706788095571843,manhattan,41,"{'model__metric': 'manhattan', 'model__n_neighbors': 41}",0.6123893805309735,0.5714285714285714,0.6048951048951049,0.6235093696763203,0.6145454545454545,0.605353576215285,0.01797076599110367,1,0.8388186063044286,0.8252165026739695,0.8300938716817734,0.8475130467096441,0.8460224124752803,0.8375328879690193,0.008721937588936444,5
0.027616024017333984,0.0034571160247552145,0.0835423469543457,0.008723276872440322,euclidean,31,"{'model__metric': 'euclidean', 'model__n_neighbors': 31}",0.6039076376554174,0.5611015490533563,0.604982206405694,0.6183074265975821,0.6123893805309735,0.6001376400486047,0.020207649014250234,2,0.8390670188874347,0.8194868563488601,0.8296535957216487,0.8459963162231592,0.8436646944874693,0.8355736963337144,0.009799311923839699,10
0.025467920303344726,0.0011883527581563985,0.08488407135009765,0.0021428812201233225,euclidean,41,"{'model__metric': 'euclidean', 'model__n_neighbors': 41}",0.6071428571428571,0.5679442508710801,0.6035087719298246,0.6137931034482759,0.6039783001808319,0.599273456714574,0.01608937655828027,3,0.8384368991646874,0.8211611167660318,0.8298111256523354,0.8483935986298934,0.8432946581308918,0.836219479668768,0.009705725799566432,8
0.025954008102416992,0.0006558658074880083,0.19954233169555663,0.003295750855440912,manhattan,61,"{'model__metric': 'manhattan', 'model__n_neighbors': 61}",0.5909090909090909,0.5739130434782609,0.6070175438596491,0.6192893401015228,0.6010928961748634,0.5984443829046775,0.015320529960502849,4,0.8388428416783804,0.8247156382789652,0.8337210993165626,0.8531215161649944,0.8450457591407068,0.8390893709159218,0.009673292795357632,2
0.026041650772094728,0.001187272890339385,0.20655269622802735,0.019624232553216252,manhattan,51,"{'model__metric': 'manhattan', 'model__n_neighbors': 51}",0.5925925925925926,0.5629370629370629,0.6062717770034843,0.6319327731092437,0.5978260869565217,0.598312058519781,0.022262292510771692,5,0.8375422099429661,0.8234069280855671,0.8344885528250368,0.8501143101804727,0.8456463099489228,0.8382396621965931,0.009278286027494574,3
0.0251924991607666,0.0002755775149746661,0.21757059097290038,0.0081806788708544,manhattan,81,"{'model__metric': 'manhattan', 'model__n_neighbors': 81}",0.6048951048951049,0.5649122807017544,0.6031746031746031,0.6132879045996593,0.6007326007326007,0.5974004988207445,0.016783958313705737,6,0.8416016350798958,0.8238007529122843,0.8323942125927004,0.8545655405296236,0.8455977805906831,0.8395919843410375,0.01063472216651475,1
0.025171422958374025,0.0003828814906926261,0.1787553310394287,0.0022535219385983016,manhattan,31,"{'model__metric': 'manhattan', 'model__n_neighbors': 31}",0.6153846153846154,0.561525129982669,0.599290780141844,0.6048109965635738,0.6054054054054054,0.5972833854956215,0.018617030536016058,7,0.8384247814777115,0.8228151810382434,0.8291547509411403,0.8435182492365857,0.8444290318797443,0.835668398914685,0.00840951014698271,9
0.02568216323852539,0.001339924279428535,0.10003986358642578,0.010201335804705483,euclidean,51,"{'model__metric': 'euclidean', 'model__n_neighbors': 51}",0.6053097345132743,0.5674255691768827,0.607773851590106,0.6112054329371817,0.5901639344262295,0.5963757045287348,0.016163860414904155,8,0.8382874476919845,0.8208177823017142,0.8318994070411839,0.8505687234420694,0.8448354652550016,0.8372817651463906,0.010340653299931602,7
0.024806785583496093,0.0004308254044451944,0.07398314476013183,0.005829972708830345,euclidean,21,"{'model__metric': 'euclidean', 'model__n_neighbors': 21}",0.6105263157894737,0.5620689655172414,0.599290780141844,0.6089965397923875,0.599640933572711,0.5961047069627315,0.017636721983086346,9,0.8350459664259287,0.8106369056274538,0.8275330005008644,0.8423145589969787,0.8375540394624564,0.8306168942027364,0.01107507445197578,12
0.025597286224365235,0.0015052484468877656,0.11201095581054688,0.001444349961104636,euclidean,81,"{'model__metric': 'euclidean', 'model__n_neighbors': 81}",0.6028368794326241,0.5598591549295775,0.5971731448763251,0.608843537414966,0.608058608058608,0.5953542649424202,0.018234919711910925,10,0.8416137527668719,0.8195575428562195,0.829332477016787,0.8511847058633448,0.8453025603280584,0.8373982077662564,0.011433831167282995,6
0.029257678985595705,0.004164833235168909,0.11214056015014648,0.009232415990307486,euclidean,61,"{'model__metric': 'euclidean', 'model__n_neighbors': 61}",0.5871886120996441,0.5629370629370629,0.6094570928196147,0.614065180102916,0.5996343692870201,0.5946564634492515,0.018343530909087507,11,0.8382430161730728,0.8205289774287884,0.8310208747354304,0.8524611022248073,0.8458849126269347,0.8376277766378066,0.011176819310847094,4
0.02590203285217285,0.0015419732616540067,0.1845627784729004,0.010129919464223577,manhattan,21,"{'model__metric': 'manhattan', 'model__n_neighbors': 21}",0.6048951048951049,0.5640138408304498,0.6071428571428571,0.5958904109589042,0.599290780141844,0.594246598793832,0.015632464294357218,12,0.8355124973745012,0.8123818525519848,0.8270907049262438,0.8419166949412696,0.8428942909254143,0.8319592081438827,0.011298925777854196,11
0.024164533615112303,0.0004343879365489446,0.1658759593963623,0.014877220240134546,manhattan,15,"{'model__metric': 'manhattan', 'model__n_neighbors': 15}",0.6065857885615251,0.5567010309278351,0.5905096660808435,0.6112054329371817,0.5961199294532628,0.5922243695921295,0.01921746239827123,13,0.8299706751975182,0.8029522724702308,0.8200301326482802,0.8377966813694602,0.8385448471931832,0.8258589217757345,0.013259251027971928,13
0.02450389862060547,0.0004025398004043199,0.06732826232910157,0.0008332544728582123,euclidean,15,"{'model__metric': 'euclidean', 'model__n_neighbors': 15}",0.5915492957746479,0.5620689655172414,0.5863874345549738,0.6098807495741057,0.5921985815602837,0.5884170053962505,0.01538273212857203,14,0.8268665277171894,0.8004257347357537,0.8185073433183074,0.8386206840838221,0.8364115774872307,0.8241663734684608,0.013869430409867791,14
0.025897455215454102,0.0017103942641734412,0.1603877067565918,0.007860846669704352,manhattan,9,"{'model__metric': 'manhattan', 'model__n_neighbors': 9}",0.5813148788927336,0.5664939550949913,0.589041095890411,0.5661016949152542,0.573943661971831,0.5753790573530443,0.008819978800270628,15,0.8121394988124666,0.7956170326208134,0.8112448095907453,0.8091060378394972,0.8268290512914875,0.810987286031002,0.009921080827181825,18
0.02506265640258789,0.00048495901695886647,0.1710428237915039,0.022328684395687356,manhattan,11,"{'model__metric': 'manhattan', 'model__n_neighbors': 11}",0.5996649916247906,0.5494880546075085,0.5802047781569966,0.5699831365935919,0.5719424460431655,0.5742566814052106,0.01623616843466906,16,0.8181276557930621,0.7938579483948104,0.8165988076196016,0.8209005864960496,0.8335786761999895,0.8166127349007027,0.01285538271450966,15
0.027692079544067383,0.0039242319816358,0.07555418014526367,0.015781205583296654,euclidean,11,"{'model__metric': 'euclidean', 'model__n_neighbors': 11}",0.5934819897084048,0.554006968641115,0.5728987993138936,0.5597269624573379,0.5801801801801801,0.5720589800601863,0.0141672742938562,17,0.8163140419756677,0.7980082561840596,0.8093786857964551,0.8198584654161214,0.8371354737476393,0.8161389846239887,0.012877443006738612,16
0.02648162841796875,0.003350890963336497,0.06509890556335449,0.0014890670104507466,euclidean,9,"{'model__metric': 'euclidean', 'model__n_neighbors': 9}",0.5633802816901409,0.5734265734265734,0.5679442508710801,0.5597269624573379,0.5755395683453237,0.5680035273580912,0.005934320233803442,18,0.8110044754657231,0.7960330732069862,0.8102269238847688,0.8124606175173283,0.8276257415892556,0.8114701663328123,0.010020478724684229,17
0.024921512603759764,0.00046265997543014874,0.06257438659667969,0.001450091409992404,euclidean,7,"{'model__metric': 'euclidean', 'model__n_neighbors': 7}",0.5326278659611993,0.5567375886524822,0.5763888888888888,0.5723905723905723,0.5780141843971631,0.5632318200580612,0.01705453926597495,19,0.7859309614980693,0.7853089202333058,0.8077185626807555,0.7986040424603752,0.819816559025854,0.799475809179672,0.01316520191971201,20
0.027236557006835936,0.004383825795677726,0.1745303153991699,0.036862078165747006,manhattan,7,"{'model__metric': 'manhattan', 'model__n_neighbors': 7}",0.5302491103202847,0.5549738219895288,0.5856164383561644,0.5602716468590832,0.5602836879432624,0.5582789410936646,0.01761774031056497,20,0.7919958638295121,0.7854341363320572,0.8063452248234857,0.797818412421437,0.8181564505627384,0.7999500175938461,0.011409609883645179,19
0.024850225448608397,0.0011506621537376565,0.16089348793029784,0.011259660546873034,manhattan,5,"{'model__metric': 'manhattan', 'model__n_neighbors': 5}",0.5416666666666666,0.5399644760213144,0.5748709122203098,0.5531197301854974,0.5694915254237288,0.5558226621035034,0.014204603271882488,21,0.776798264747225,0.7733366455011067,0.7896268560257218,0.7754653191798749,0.7962636438268634,0.7822981458561584,0.009010991372022872,21
0.026602506637573242,0.002839563815759496,0.06431150436401367,0.0031297770799723406,euclidean,5,"{'model__metric': 'euclidean', 'model__n_neighbors': 5}",0.5370051635111877,0.5319148936170213,0.570446735395189,0.5466893039049237,0.5601374570446735,0.5492387106945991,0.014316680994626275,22,0.7731286252080203,0.7774203060119884,0.7873891231641705,0.771139304929475,0.7934064778605023,0.7804967674348313,0.008549636601333876,22
0.02695951461791992,0.003853827676750172,0.16311907768249512,0.009323895418463103,manhattan,3,"{'model__metric': 'manhattan', 'model__n_neighbors': 3}",0.5245346869712352,0.48312611012433393,0.5420240137221269,0.5394736842105263,0.5333333333333333,0.5244983656723111,0.02154590451488272,23,0.7441431179616436,0.7292888533436738,0.7547521529090526,0.7443733540141857,0.7658660670594848,0.7476847090576081,0.012185450246488481,23
0.02731003761291504,0.0025294252071680623,0.061664247512817384,0.003682238257647357,euclidean,3,"{'model__metric': 'euclidean', 'model__n_neighbors': 3}",0.5236486486486487,0.47266313932980597,0.5214408233276158,0.5421487603305785,0.5223367697594502,0.5164476282792199,0.02319093935057027,24,0.7420427188858191,0.7273560822710161,0.74703722553439,0.7378419207341702,0.7584875825504604,0.7425531059951711,0.010270541979569187,24
