feature,coefficient_beta,odds_ratio,effect_on_churn
InternetService_Fiber optic,2.691148195262845,14.74860047543575,raises odds
StreamingMovies_Yes,0.9767159543554182,2.6557203983188167,raises odds
StreamingTV_Yes,0.975632653338597,2.6528450114468844,raises odds
PhoneService_Yes,0.9394905068553213,2.558677457553873,raises odds
MultipleLines_Yes,0.6638058534534743,1.9421699005524369,raises odds
TotalCharges,0.5843958500587082,1.793906869458645,raises odds
PaymentMethod_Electronic check,0.3831184578422675,1.466851779873952,raises odds
PaperlessBilling_Yes,0.3688585571878128,1.4460830511554272,raises odds
DeviceProtection_Yes,0.3349338222713944,1.3978478757641137,raises odds
OnlineBackup_Yes,0.19602730668552992,1.2165601251055178,raises odds
SeniorCitizen_1,0.14587293529482917,1.1570491585996614,raises odds
PaymentMethod_Mailed check,0.07303877448884817,1.0757722486250807,raises odds
gender_Male,0.023676831260472864,1.0239593527613513,raises odds
Partner_Yes,0.021337423714505033,1.0215666943175634,raises odds
TechSupport_Yes,0.004313260269441246,1.0043225757650875,raises odds
PaymentMethod_Credit card (automatic),-0.02824166357541422,0.9721534043439117,lowers odds
OnlineSecurity_Yes,-0.04839421220473836,0.9527581241562094,lowers odds
Dependents_Yes,-0.22487256927229793,0.7986179807458798,lowers odds
Contract_One year,-0.6984476210172604,0.49735679104551933,lowers odds
tenure,-1.3059964355173679,0.27090246367704346,lowers odds
Contract_Two year,-1.3735855480146644,0.25319747831715184,lowers odds
MonthlyCharges,-2.2919080853188256,0.10107342103247764,lowers odds
InternetService_No,-2.7148857094459564,0.0662125200402448,lowers odds
